NOME,PRATO,DESCRICAO,ENDERECO,TELEFONE,IMG_URL
Alexandre's Bar,O fabuloso discão,Polpetone com recheio de muçarela acompanhada com caponata de berinjela e abobrinha.,"Rua David Alves do Vale, 68 | Santa Rosa, Belo Horizonte – MG",31997753957,https://cdb-static-files.s3.amazonaws.com/wp-content/uploads/2025/03/19134138/alexandresbar_fabulosodiscao_bh_2025_isaquerodrigues_unibh-8111-scaled.jpg
Amarelim do Prado,Trem de roças,"Bochecha de porco na cama de angu mole, pesto de horta, mandioca e agrião. Acompanha pão e patê de fígado de galinha.","Avenida Francisco Sá, 658 | Prado, Belo Horizonte – MG",31 981084068 / 31 25273847,https://cdb-static-files.s3.amazonaws.com/wp-content/uploads/2025/03/19134238/amarelimdoprado_tremderocas_bh_2025_isaquerodrigues_unibh-7527-scaled.jpg
Andrade's Beer,Chora canelinha,"Ossobuco com purê de batatas, acompanhado de torradas de alho-poró.","Rua Dona Geni, 32 | Jardim Florência (Venda Nova), Belo Horizonte – MG",31989145104,https://cdb-static-files.s3.amazonaws.com/wp-content/uploads/2025/03/19134640/andradesbeer_choracanelinha_bh_2025_rodneycosta_unibh-9247-scaled.jpg
Arcos Bar,Panela da Diversidade,"Acém cozido com ervas finas, acompanhado com batata rústica.","Rua da Bahia, 1144 | Centro, Belo Horizonte – MG",31984411161,https://cdb-static-files.s3.amazonaws.com/wp-content/uploads/2025/03/15051259/arcos_pratodadiversidade_bh_2025_rodneycosta_unibh-7624-scaled.jpg
Armazém Santa Amélia,Segredo do Armazém,"Polenta cremosa com ragu de carnes cheio de sabor, agrião fresco, crispy de parmesão e um toque secreto para abrilhantar as Bodas de Prata do Comida di Buteco.","Avenida da Sinfonia, 253 | Santa Amélia, Belo Horizonte – MG",31972174192,https://cdb-static-files.s3.amazonaws.com/wp-content/uploads/2025/03/19135257/armazemsantaamelia_segredodoarmazem_bh_2025_isaquerodrigues_unibh-7616-scaled.jpg
Avalanche Espeteria,Milão Maluco,"Ossobuco cozido ao molho tradicional, acompanhado com purê de batata e farofinha da casa.","Avenida Doutor Álvaro Camargos, 1113 | São João Batista, Belo Horizonte – MG",31998990146,https://cdb-static-files.s3.amazonaws.com/wp-content/uploads/2025/03/19140742/avalanche_milaomaluco_bh_2025_rodneycosta_unibh-8764-scaled.jpg
Azougue Fogo e Bar,Língua da vovó Virinha,"Língua de boi assada, sobre creme de batata e milho com vinagrete mineiro e redução do caldo da própria língua com cerveja.","Rua do Ouro, 835 | Serra, Belo Horizonte – MG",31971601028,https://cdb-static-files.s3.amazonaws.com/wp-content/uploads/2025/03/15051233/azougue_linguadevovovirinha_bh_2025_isaquerodrigues_unibh-7366-scaled.jpg
Baiuca,Canelada Suína,"Panturrilha suína, mandioca cozida com queijo e manteiga, cebola assada e crispy de couve.","Rua Piauí, 1884 | Funcionários, Belo Horizonte – MG",3132255602,https://cdb-static-files.s3.amazonaws.com/wp-content/uploads/2025/03/19142244/baiuca_caneladasuina_bh_2025_rodneycosta_unibh-7505-scaled.jpg
Bar Bambú,Camarão que dorme?,Batata recheada com strogonoff de camarão.,"Rua Divisa Nova, 670 | Salgado Filho, Belo Horizonte – MG",3130521883,https://cdb-static-files.s3.amazonaws.com/wp-content/uploads/2025/03/15051202/barbambu_camaraoquedorme_bh_2025_fernandaoliveira_unibh-8355-scaled.jpg
Bar Bendita Baderna,PARABÉNS CDB,"Coxinhas recheadas para todos os gostos, massa de abóbora com recheio de frango com quiabo, massa de mandioca com recheio de carne de lata (suína) e massa de beterraba com recheio de alho-poró com queijo canastra.","Rua Silva Fortes, 47 | União, Belo Horizonte – MG",31991823030,https://cdb-static-files.s3.amazonaws.com/wp-content/uploads/2025/03/19142754/benditabaderna_parabenscdb_bh_2025_rodneycosta_unibh-8203-scaled.jpg
Bar da Cíntia,Língua bêbada,"Língua marinada na cerveja Caracu, cheiro-verde, mandioca cozida na manteiga de garrafa.","Rua Pastor Rui Franco, 257 | São João Batista (Venda Nova), Belo Horizonte – MG",3136469725,https://cdb-static-files.s3.amazonaws.com/wp-content/uploads/2025/03/19142858/bardacinthia_linguabeba_bh_2025_rodneycosta_unibh-8675-scaled.jpg
Bar da Fia,Língua no rabo,"Língua bovina com rabada, servida com polenta, quiabo frito e agrião.","Rua dos Astecas, 2722 | Santa Mônica, Belo Horizonte – MG",31985402775,https://cdb-static-files.s3.amazonaws.com/wp-content/uploads/2025/03/15051142/bardafia_linguanorabo_bh_2025_rodneycosta_unibh-7352-scaled.jpg
Bar da Lu,Barril Mineiro Sô,"Ossobuco marinado com ervas finas e vinho tinto, acompanhado de polenta coberta com queijo parmesão e muçarela gratinada, crispy de mostarda e torresminho pururuca.","Rua Geralda Marinho, 41 | São João Batista (Venda Nova), Belo Horizonte – MG",31999327787,https://cdb-static-files.s3.amazonaws.com/wp-content/uploads/2025/03/19143046/bardalu_barrilmineiroso_bh_2025_rodneycosta_unibh-8734-scaled.jpg
Bar da Silvânia,"Õ trem bão, sô",Maçã de peito com mandioquinha e torradas de pão francês.,"Rua Soares Nogueira, 801 | Camargos, Belo Horizonte – MG",31993387815,https://cdb-static-files.s3.amazonaws.com/wp-content/uploads/2025/03/15050951/bardasilvania_otrembaumso_bh_2025_rodneycosta_unibh-8183-scaled.jpg
Bar do Bartolomeu,"Bem Bolado, Uai!!",Bolinho de rabada com catupiry e alho-poró. Acompanhado com molho da casa e molho de geleia de pimenta.,"Rua Arthur Luchesi, 356 | Santa Helena (Barreiro), Belo Horizonte – MG",31975479909,https://cdb-static-files.s3.amazonaws.com/wp-content/uploads/2025/03/15051018/bardobartolomeu_bembolado_bh_2025_fernandaoliveira_unibh-8039-scaled.jpg
Bar do Bem,A Furiosa,"Miolo de acém cozido na cerveja e tempero da casa, servido com torradas feitas na manteiga e ervas, pão de queijo assado e pastel de vento.","RUA VICENTINA COUTINHO CAMARGOS, 100, BELO HORIZONTE – MG",31991745708,https://cdb-static-files.s3.amazonaws.com/wp-content/uploads/2025/03/19143452/bardobem_furiosa_bh_2025_rodneycosta_unibh-9134-scaled.jpg
Bar do Kim,Músculo à moda Kim!,"Músculo bovino acompanhado de champignon, acompanhado de torradas.","Rua Júlio de Castilho, 1071 | Palmeiras, Belo Horizonte – MG",31987768550,https://cdb-static-files.s3.amazonaws.com/wp-content/uploads/2025/03/19143850/bardokim_musculoamodadokim_bh_2025_isaquerodrigues_unibh-9323-scaled.jpg
Bar do Nelson,Bolinho de prata,Bolinho de feijoada na cama de couve crispy.,"Avenida Vicente Risola, 1000 | Santa Inês, Belo Horizonte – MG",31996726908,https://cdb-static-files.s3.amazonaws.com/wp-content/uploads/2025/03/19145234/bardonelson_bolinhodeprata_bh_2025_amandacantanhede_unibh-9036-scaled.jpg
Bar do Primo,Custelinha di Buteco,Costelinha com batata e queijo ao molho branco.,"Avenida Amazonas, 4649 | Nova Suíça, Belo Horizonte – MG",31995323260,https://cdb-static-files.s3.amazonaws.com/wp-content/uploads/2025/03/19145355/primo_costelinhadebuteco_bh_2025_isaquerodrigues_unibh-8526-scaled.jpg
Bar do Regis,Trilhas de Minas,"Almôndegas ao molho de tomates, servidas com polenta.","Rua Gávea, 422 | Jardim América, Belo Horizonte – MG","(31) 971158894
(31) 3653-8071",https://cdb-static-files.s3.amazonaws.com/wp-content/uploads/2025/03/15050928/bardoregis_trilhademinas_bh_2025_amandacantanhede_unibh-8270-scaled.jpg
Bar do Romeu,Pé no Rabo,"Rabada com pé de porco acompanhada de farofa de abacaxi, geleia de pimenta e torradinha.","Rua Aniri, 8 | Guarani, Belo Horizonte – MG","(31) 996549384
(31) 98640-2562",https://cdb-static-files.s3.amazonaws.com/wp-content/uploads/2025/03/15050906/bardoromeu_penorabo_bh_2025_rodneycosta_unibh-7542-scaled.jpg
Bar dos Meninos,Bodas de prata,"Costelinha suína, marinada em vinho tinto, servida com mostarda em folhas, acompanhada de creme de batata.","Rua Lindolfo Deodoro, 503 | Salgado Filho, Belo Horizonte – MG",31983803201,https://cdb-static-files.s3.amazonaws.com/wp-content/uploads/2025/03/19145725/bardosmeninos_bodasdeprata_bh_2025_rodneycosta_unibh-8218-scaled.jpg
Bar Du Du,Porco sem vergonha,"Picadinho de carne de porco ao molho, acompanhado de um creme de batata.","Rua Violeta, 369 | Esplanada, Belo Horizonte – MG","(31) 3646-1551
(31) 98717-0450",https://cdb-static-files.s3.amazonaws.com/wp-content/uploads/2025/03/16083316/bardudu_porcosemvergonha_bh_2025_isaquerodrigues_unibh-8899-scaled.jpg
Bar e Restaurante Bom Sabor,Bora Comemorar,"Fraldinha de boi recheada com carne moída de porco, bacon e muçarela, assado na churrasqueira. Acompanhado de farofa e vinagrete.","Rua Java, 386 | Nova Suíça, Belo Horizonte – MG",3133348205,https://cdb-static-files.s3.amazonaws.com/wp-content/uploads/2025/03/24070354/restbomsabor_boracomemorar_bh_2025_amandacantanhede_unibh-9066-scaled.jpg
Bar e Restaurante do Joãozinho,Trio Mineiro,"Quarteto: carne de lata bovina frita, torresmo pururuca, queijo temperado à moda da casa, molho de alho-poró.","Rua Pinheiro Chagas, 295 | Barreiro, Belo Horizonte – MG",31986444529,https://cdb-static-files.s3.amazonaws.com/wp-content/uploads/2025/03/24070652/bardojoaozinho_triomineiro_bh_2025_rodneycosta_unibh-7419-scaled.jpg
Bar Estabelecimento,Tipracas,"Pelotas de rabada com angu de agrião em molho de tomate com cebola e tipracas (tipo bolachas feitas com arroz, feijão roxinho, queijo e especiarias.)","Rua Monte Alegre, 160 | Serra, Belo Horizonte – MG",31983921059,https://cdb-static-files.s3.amazonaws.com/wp-content/uploads/2025/03/07104420/barestabelecimento_tipracas_bh_2025_rodneycosta_unibh-8153-scaled.jpg
Bar Junto Juntinho,Poliamor Culinário,"Costelinha de porco combinada com um purê de mandioca feito com manteiga de garrafa e queijo parmesão, acompanhado de couve crispy e geleia de abacaxi apimentada.","Rua Cura D’Ars, 542 | Prado, Belo Horizonte – MG",31988068530,https://cdb-static-files.s3.amazonaws.com/wp-content/uploads/2025/03/10075811/barjuntojuntinho_poliamorculinario_bh_2025_rodneycosta_unibh-1725-1-1-scaled.jpg
Bar Mania Mineira,Explosão de Sabor,Bolinho de mandioca recheado com queijo.,"Rua Paracatu, 1099 | Santo Agostinho, Belo Horizonte – MG",31985126504,https://cdb-static-files.s3.amazonaws.com/wp-content/uploads/2025/03/15050748/maniamineira_explosaodesabores_bh_2025_fernandaoliveira_unibh-8088-scaled.jpg
Bar Pompéu,É mas num é,"Iscas de filé de frango empanadas nos flocos de arroz, regado ao molho de alho-poró e cream cheese. Acompanha batata frita canoa e molho agridoce de goiabada.","Rua São Miguel, 779 | Itapoã, Belo Horizonte – MG",3136653506,https://cdb-static-files.s3.amazonaws.com/wp-content/uploads/2025/03/15050703/pompeu_emasnume_bh_2025_rodneycosta_unibh-8144-scaled.jpg
Bar Stella,Boi bebum,"Maçã de peito ao molho de vinho, acompanhada de farofa d’água e mandioca na manteiga de garrafa.","Avenida Saramenha, 1599 | Guarani, Belo Horizonte – MG",3134333755,https://cdb-static-files.s3.amazonaws.com/wp-content/uploads/2025/03/19150007/barstella_boibebum_bh_2025_amandacantanhede_unibh-7586-scaled.jpg
Bar Temático Sta. Teresa,#CDB – 25 anos de sucesso – Arrumado,"Carne de sol, feijão-de-corda, farofa e vinagrete e manteiga de garrafa.","Rua Pirite, 187 | Santa Teresa, Belo Horizonte – MG",3134814646,https://cdb-static-files.s3.amazonaws.com/wp-content/uploads/2025/03/15050630/tematico_cdb_25desucessoarrumado_bh_2025_rodneycosta_unibh-9084-scaled.jpg
Barrigudinha Buteco,Bodas no prato: Rib ao molho Rubi,Costelinha de porco ao molho rubi.,"Avenida dos Engenheiros, 1071 | Alípio de Melo, Belo Horizonte – MG","(31) 3443-1156
(31) 99839-8899",https://cdb-static-files.s3.amazonaws.com/wp-content/uploads/2025/03/15050518/barrigudinha_bodasaopradoribaomolhorubi_bh_2025_rodneycosta_unibh-8195-scaled.jpg
Barzim dos amigos,Porpeta de Buteco,Almôndegas ao sugo com batata recheada.,"Rua Lindolfo de Azevedo, 1263 | Jardim América, Belo Horizonte – MG",31998561240,https://cdb-static-files.s3.amazonaws.com/wp-content/uploads/2025/03/19150257/bardosamigos_porpetadebuteco_bh_2025_isaquerodrigues_unibh-7775-scaled.jpg
Bazin Bar,Bodas de Prata,Carne de panela acompanhada de angu e ora-pro-nóbis.,"Rua Orozimbo Nonato, 1053 | Dona Clara, Belo Horizonte – MG",31972171020,https://cdb-static-files.s3.amazonaws.com/wp-content/uploads/2025/03/19150411/bazim_bodasdeprata_bh_2025_rodneycosta_unibh-8388-scaled.jpg
Beco Restaurante,Lá di Casa,"Carne bovina cozida na panela de pressão e reduzida no molho à base demi glace. Acompanha nosso creme de mandioca caseira, farofa crocante de panko e crispy de couve.","Rua Tamoios, 232 | Centro, Belo Horizonte – MG",3132721489,https://cdb-static-files.s3.amazonaws.com/wp-content/uploads/2025/03/19150511/becorestaurante_ladicasa_bh_2025_fernandaoliveira_unibh-8137-scaled.jpg
Benjamin Bar,Boizinho no milharal,"Costela bovina regada no molho roti, acompanhada de quirera de milho com queijo canastra meia cura e milho verde cozido.","Rua Coronel José Benjamim, 770 | Padre Eustáquio, Belo Horizonte – MG",31 971182111,https://cdb-static-files.s3.amazonaws.com/wp-content/uploads/2025/03/15050454/benjamin_boizimnomilharal_bh_2025_isaquerodrigues_unibh-7748-scaled.jpg
Boteco 86,Bolinho Nordestino,Bolinho de aipim com carne seca e requeijão.,"Rua Jacarina, 86 | Padre Eustáquio, Belo Horizonte – MG",31996479898,https://cdb-static-files.s3.amazonaws.com/wp-content/uploads/2025/03/19150606/boteco86_bolinhonordestino_bh_2025_isaquerodrigues_unibh-7714-scaled.jpg
Botequim Buritis,Butequeiro 25,"Lombinho suíno na lata, acompanhado de mandioquinha frita ao molho cremoso raiz.","Rua Vitório Magnavaca, 39 | Buritis, Belo Horizonte – MG",3131664333,https://cdb-static-files.s3.amazonaws.com/wp-content/uploads/2025/03/15050402/botequimburitis_butequeiro_bh_2025_isaquerodrigues_unibh-7665-scaled.jpg
Botequim de Lourdes,Rocambole de Torresmo que só no Botequim tem,"Torresmo de barriga marinado na cachaça, servido com palitinhos de tapioca e geleia de abacaxi com pimenta e canela.","Rua Curitiba, 2039 | Lourdes, Belo Horizonte – MG",3136540414,https://cdb-static-files.s3.amazonaws.com/wp-content/uploads/2025/03/19150737/butequimlourdes_rocamboledetorresmoquesoobutequimtem_bh_2025_rodneycosta_unibh-9228-scaled.jpg
Buteco do Lili,Sabores de Prata,"Fraldinha de panela ao molho roti, acompanhada de batata ao murro e pães de queijo fritos.","Rua Líbero Badaró, 493 | Dona Clara, Belo Horizonte – MG",313582-5246,https://cdb-static-files.s3.amazonaws.com/wp-content/uploads/2025/03/15050340/butecodolili_saboresdeprata_bh_2025_rodneycosta_unibh-8489-scaled.jpg
Buteco do Rod,Canela di Butequêro,"Cambito suíno ao molho de cerveja preta, acima de uma polenta temperada com páprica defumada e espinafre, acompanhado de farofa panko com bacon, finalizado com queijo gouda derretidinho.","Rua José Moura Peçanha, 12 | Ouro Preto, Belo Horizonte – MG",31992059222,https://cdb-static-files.s3.amazonaws.com/wp-content/uploads/2025/03/19150856/butecodorod_caneladebutequeiro_bh_2025_isaquerodrigues_unibh-8863-scaled.jpg
Buteco Tô D'Boa,Paleta Suína Mineira,"Paleta suína marinada com molho especial e cerveja preta, acompanhada de farofa de bacon crocante, banana-da-terra caramelizada e finalizada com cheiro-verde.","Avenida Virgílio de Melo Franco, 400 | Jardim Atlântico, Belo Horizonte – MG",31991871649,https://cdb-static-files.s3.amazonaws.com/wp-content/uploads/2025/03/19151018/butecotodeboa_paletasuinamineira_bh_2025_isaquerodrigues_unibh-7945-scaled.jpg
Buteco's Bar,Nuuuu…quebrou minha costelinha!,"Porpeta de costelinha com bacon assada, recheada com queijo minas, regada ao molho roti, em cama de canjiquinha, acompanhada de quiabo e molho pesto de couve e coentro.","Rua Ernesto Braga, 2 | Jardim Atlântico, Belo Horizonte – MG",3192586505,https://cdb-static-files.s3.amazonaws.com/wp-content/uploads/2025/03/15050320/butecosbar_nuhrachouminhacostela_bh_2025_rodneycosta_unibh-8662-scaled.jpg
Butiquim On Cê Tá?,Almôndega da Mamma Tereza,"Almôndega ao molho de tomate, recheada com queijo. Acompanha rodelas de pão francês.","Avenida Gen. Olímpio Mourão Filho, 754 | Itapoã, Belo Horizonte – MG","(31) 99183-4727
(31) 3443-2207",https://cdb-static-files.s3.amazonaws.com/wp-content/uploads/2025/03/15050251/butequimonceta_almodegadamammatereza_bh_2025_isaquerodrigues_unibh-9021-scaled.jpg
Café Bahia,Trupiquei no Bahia,"Defumados de porco e carne de sol no feijão-vermelho, pelinha crocante, polentinha mineira e mostarda refogada.","Rua Tupis, 369 | Centro, Belo Horizonte – MG",31983022514,https://cdb-static-files.s3.amazonaws.com/wp-content/uploads/2025/03/15050158/cafebahia_trupiqueinobahia_bh_2025_amandacantanhede_unibh-9006-scaled.jpg
Café Palhares,Polpeta de Berinjela com Dois Queijos,"Polpetas de berinjela com queijo parmesão, muçarela, manjericão e salsinha. Servidas com pasta de grão-de-bico.","Rua dos Tupinambás, 638 | Centro, Belo Horizonte – MG",3132011841,https://cdb-static-files.s3.amazonaws.com/wp-content/uploads/2025/03/15050219/cafepalhares_polpetadeberingelacomdoisqueijos_bh_2025_fernandaoliveira_unibh-8289-scaled.jpg
Camisola Bar,Costela Mineira,"Costela de boi cozida na cerveja preta, acompanhada com um purê de mandioca com queijo.","Rua Luther King, 242 | Cidade Nova, Belo Horizonte – MG",31999486915,https://cdb-static-files.s3.amazonaws.com/wp-content/uploads/2025/03/19151142/camisola_costelamineira_bh_2025_rodneycosta_unibh-7449-scaled.jpg
Canela Amarela,Bola na Rede,"Almôndegas bovinas sobre a cama de creme de queijos, acompanhadas de torradas de pão de alho e finalizada com tomatinho e manjericão. Acompanha molho da casa.","Praça Leonardo Gutierrez, 195 | Gutierrez, Belo Horizonte – MG",3136540414,https://cdb-static-files.s3.amazonaws.com/wp-content/uploads/2025/03/19151248/canelaamarela_bolanarede_bh_2025_isaquerodrigues_unibh-9287-scaled.jpg
Cantina Arte Quintal,Fraldinha Assada na Cachaça e Cerveja,"Fraldinha assada flambada na cachaça e cerveja com calda de maracujá, farofa de alho-poró e banana frita curtida ao bacon.","Rua Realengo, 150 | Caiçara, Belo Horizonte – MG",31999476695,https://cdb-static-files.s3.amazonaws.com/wp-content/uploads/2025/03/19151606/cantinaartequinta_fraudinhaacachacaecerveja_bh_2025_isaquerodrigues_unibh-7690-scaled.jpg
Cantinho da Baiana,Mineirou nos 25,"Tiras de galeto, envoltas em casquinha crocante de queijo parmesão. Acompanhados por creme de bacon crispy.","Avenida Itaité, 422 | São Geraldo, Belo Horizonte – MG",31997627848,https://cdb-static-files.s3.amazonaws.com/wp-content/uploads/2025/03/19151713/cantinhodabaianamineirounos25_bh_2025_rodneycosta_unibh-8748-scaled.jpg
Casa da Madrinha,Bem Mineiro,Polenta crocante com ragu de frango com quiabo e o toque inconfundível do queijo minas.,"Avenida Barbacena, 212 | Barro Preto, Belo Horizonte – MG",3130474787,https://cdb-static-files.s3.amazonaws.com/wp-content/uploads/2025/03/19151819/casadamadrinha_bemmineiro_bh_2025_amandacantanhede_unibh-8867-scaled.jpg
Cervejaria Pajé,XUKURU KARIRI,"Amassado de mandioca amarela, temperada e recheada com bacon e queijo, acompanhado de calda de abacaxi ‘smooth Cayenne’ e molho ‘Buffalo’ picante.","Avenida Capim Branco, 419 | Vista Alegre, Belo Horizonte – MG",31985946820,https://cdb-static-files.s3.amazonaws.com/wp-content/uploads/2025/03/19151930/cervejariapaje_xukurukariri_bh_2025_mylenaizis_unibh-8027-scaled.jpg
Chapa Mágica,Incangado de inhame com bacon dona Biu,Purê de inhame com bacon.,"Avenida Waldomiro Lobo, 305 | Guarani, Belo Horizonte – MG","(31) 3213-0058
(31) 97523-4848",https://cdb-static-files.s3.amazonaws.com/wp-content/uploads/2025/03/19152044/chapamagica_incangadodeihameebancondadonabiu_bh_2025_amandacantanhede_unibh-8830-scaled.jpg
Choperia América Norte Sul,Tira gosto escondido,"Pastel recheado com carne bovina defumada e desfiada, muçarela, palmito, cebola, azeitona, requeijão. Acompanha molho da casa e salada de agrião e tomate.","Rua Chico Rei, 190 | Estrela do Oriente, Belo Horizonte – MG",31995922703,https://cdb-static-files.s3.amazonaws.com/wp-content/uploads/2025/03/15050104/americanorteesul_tiragostoescondido_bh_2025_rodneycosta_unibh-7408-scaled.jpg
Chopp da Esquina,Rolê do Chopp,"Bife a rolê, acompanha farofa de torresmo.","Rua Garret, 263 | Nova Granada, Belo Horizonte – MG",31971407790,https://cdb-static-files.s3.amazonaws.com/wp-content/uploads/2025/03/19152143/choppdaesquina_roledochopp_bh_2025_isaquerodrigues_unibh-8826-scaled.jpg
Companhia do Dino,Barriga do Dino,Barriga frita com geleia de pimenta e mandioca na manteiga de garrafa.,"Avenida Joaquim Clemente, 682 | Floramar, Belo Horizonte – MG",31993418788,https://cdb-static-files.s3.amazonaws.com/wp-content/uploads/2025/03/15050131/companhiadodino_barrigadodinoc_bh_2025_rodneycosta_unibh-7498-scaled.jpg
Conectados Bar,"Ajoelhou, vai ter que rezar!","Cozido de joelho de porco e pernil com especiarias, servido sobre creme de mandioca ao alho, acompanhado de farofa de milho amanteigado e banana-da-terra.","Avenida Francisco Sá, 280 | Prado, Belo Horizonte – MG","(31) 99638-1822
(31) 3568-8130",https://cdb-static-files.s3.amazonaws.com/wp-content/uploads/2025/03/19152240/conectadosbar_ajoelhouvaiterquerezar_bh_2025_amandacantanhede_unibh-8227-scaled.jpg
COSMOS,Meteoro – Explosão de sabores,"Tiras de picanha, alcatra e maminha ao molho de cerveja preta, com batata tipo chips e creme de alho.","Avenida Vicente Risola, 1305 | Santa Inês, Belo Horizonte – MG",31991203515,https://cdb-static-files.s3.amazonaws.com/wp-content/uploads/2025/03/15050033/cosmos_meteoroexplosaodesabores_bh_2025_rodneycosta_unibh-7483-scaled.jpg
Deck Boi na Brasa,Tulipa do Cheff,"Tulipas de frango assadas na brasa, envolvidas em um molho agridoce da casa com um toque de goiabada, servidas com minibatatas rústicas e banana-da-terra mini fritas, regadas ao molho de ervas.","Rua Desembargador José Satyro, 302 | Castelo, Belo Horizonte – MG",31971830748,https://cdb-static-files.s3.amazonaws.com/wp-content/uploads/2025/03/19152342/deckboinabrasa_tulipadochefe_bh_2025_isaquerodrigues_unibh-9360-scaled.jpg
Dona Dora,Boleco (Bolo di Buteco),"Purê rústico de mandioca com ragu de alcatra, fonduta de queijo canastra e crispy de couve.","Rua Rio de Janeiro, 1205 | Centro, Belo Horizonte – MG",31992278879,https://cdb-static-files.s3.amazonaws.com/wp-content/uploads/2025/03/19152435/donadora_boleco_bolodecuteco_bh_2025_rodneycosta_unibh-8708-scaled.jpg
Dona Ju Gastro Bar,Jú-elhoo,"Joelho de porco marinado em especiarias, cozido na cerveja e acompanhado de angu de milho verde e couve passada no azeite. E ambrosia de sobremesa para comemorar os 25 anos do CDB.","Estrada dos Borges, 1520 | Jardim Vitória, Belo Horizonte – MG",31992534428,https://cdb-static-files.s3.amazonaws.com/wp-content/uploads/2025/03/19152529/donajugastro_ju-elho_bh_2025_rodneycosta_unibh-7719-scaled.jpg
Dona Suica,Prata da Casa,"Sobrecoxa desossada e assada, polenta de milho verde com bacon e queijo e farofinha com quiabo grelhado.","Rua João Samaha, 390 | São João Batista (Venda Nova), Belo Horizonte – MG",31992939701,https://cdb-static-files.s3.amazonaws.com/wp-content/uploads/2025/03/15045850/donasuica_pratodacasa_bh_2025_mylenaizis_unibh-9180-scaled.jpg
Ember BBQ,Cupim Sertanejo,"Cupim defumado em lenha de macieira. Servido sobre angu de milho verde com queijo minas, acompanhado de couve crispy e pimenta jalapeño.","Rua São Romão, 460 | São Pedro, Belo Horizonte – MG",313582-9898,https://cdb-static-files.s3.amazonaws.com/wp-content/uploads/2025/03/15045825/embeer_cupimsertanejo_bh_2025_isaquerodrigues_unibh-7851-scaled.jpg
Espetinho do Boi,Brigadeiro do Boi,Almôndega selada no forno com cobertura de queijo ao molho especial.,"Rua Professor Tristão da Cunha, 183 – Planalto, Belo Horizonte – MG",31991215352,https://cdb-static-files.s3.amazonaws.com/wp-content/uploads/2025/03/19152726/espetinhodoboi_brigadeirodoboi_bh_2025_rodneycosta_unibh-8501-scaled.jpg
Espetinhos do Paulão,Vaca Faladeira,"Língua de boi recheada com bacon e cenoura ao molho madeira. Acompanha dois minipães italianos recheados com vinagrete de tomate, cebola temperada com chimichurri de limão e azeite, com muçarela gratinada e manjericão desidratado.","Rua Álvaro Mata, 466 | Nova Cachoeirinha, Belo Horizonte – MG",31998509073,https://cdb-static-files.s3.amazonaws.com/wp-content/uploads/2025/03/19152839/espetinhodopaulao_vacafaladeira_bh_2025_rodneycosta_unibh-8425-scaled.jpg
Espettinho.com,Mineirinho Gratinado 2.5,Almôndegas suínas gratinadas com molho de tomate caseiro e muçarela. Acompanha 1 Espetinho de ‘Sacanagem’ e um licor de doce de leite de entrada.,"Rua Eli Seabra Filho, 510 | Buritis, Belo Horizonte – MG","(34) 99915-7000
(31) 99915-2800",https://cdb-static-files.s3.amazonaws.com/wp-content/uploads/2025/03/19153114/espettinhocom_mineirimgratinado_bh_2025_rodneycosta_unibh-9129-scaled.jpg
Fogão de Minas,Tropa de Elite,Petisco de tropeiro.,"Avenida Doutor Cristiano Guimarães, 1911 | Planalto, Belo Horizonte – MG",3134914152,https://cdb-static-files.s3.amazonaws.com/wp-content/uploads/2025/03/19153205/fogaodeminas_tropadeelite_bh_2025_rodneycosta_unibh-8509-scaled.jpg
Garagge Vintage,Bão Também,"Maminha cozida marinada no vinho tinto, servida com molho madeira, acompanhada de purê de abóbora moranga com bacon frito triturado e chips de massa de lasanha.","Avenida Doutor Cristiano Guimarães, 1258 | Planalto, Belo Horizonte – MG",31999778888,https://cdb-static-files.s3.amazonaws.com/wp-content/uploads/2025/03/19153255/garaggevintage_baotambem_bh_2025_amandacantanhede_unibh-8958-scaled.jpg
Geraldin da Cida,"Sô mineiro, uai!",Alcatra com farofa de jiló com bacon. Acompanha uma sobremesa de doce de leite com castanha e bacon.,"Rua Contria, 1459 | Grajaú, Belo Horizonte – MG",(31) 998322265,https://cdb-static-files.s3.amazonaws.com/wp-content/uploads/2025/03/19153406/geraldimdacida_soumineirouai_bh_2025_rodneycosta_unibh-8364-scaled.jpg
Golden Grill,Costelão dos Deuses,"Costelão de boi marinado em ervas finas acompanhado de purê de mandioca aligot, farofa crocante e molho agridoce especial.","Rua Amílcar Cabral, 515 | Milionários, Belo Horizonte – MG",31998205528,https://cdb-static-files.s3.amazonaws.com/wp-content/uploads/2025/03/15045801/goldengrill_costelaodosdeuses_bh_2025_rodneycosta_unibh-8167-scaled.jpg
Iracema Bar,Harumaki de Carne de Panela,"Harumaki, também conhecido como rolinho primavera, recheado com uma carne de panela cozida com especiarias. Servido com um molho agridoce e picante.","Rua Almandina, 56 | Santa Teresa, Belo Horizonte – MG",31995320617,https://cdb-static-files.s3.amazonaws.com/wp-content/uploads/2025/03/19153541/iracema_harumakidecarnedepanela_bh_2025_fernandaoliveira_unibh-8240-scaled.jpg
Ivo Grill,Kafajeste,"Kafta defumada na brasa harmonizada com sour cream, geleia de pimentas vermelhas e cebola em tiras crocantes.","Rua Professor Tristão da Cunha, 183 | Planalto, Belo Horizonte – MG",3130470171,https://cdb-static-files.s3.amazonaws.com/wp-content/uploads/2025/03/15045738/ivogrill_kafajeste_bh_2025_mylenaizis_unibh-9216-scaled.jpg
Já To Inno,Moderação,"Kafta de lata, acompanhada de caponata de tomate com bacon e linguiça regados com angu à moda da casa gratinado com queijo.","Rua Benjamim Dias, 379 | Barreiro, Belo Horizonte – MG",3133841198,https://cdb-static-files.s3.amazonaws.com/wp-content/uploads/2025/03/15045650/jatoinno_moderacao_bh_2025_fernandaoliveira_unibh-8097-scaled.jpg
Juzé Bar,"Macaxeira no buraco quente, com sabor de quero+","Carne cozida desfiada ao molho, servida na panhoca, acompanhada de macaxeira cozida na manteiga de garrafa ao alho e cebola caramelizada.","Rua Carlos Sá, 180 | Jardim Atlântico, Belo Horizonte – MG",31989025128,https://cdb-static-files.s3.amazonaws.com/wp-content/uploads/2025/03/19153752/juze_abacaxedanoburacoquente_bh_2025_isaquerodrigues_unibh-8653-scaled.jpg
Köbes Emporium Bar,Asas da Imaginação,"Asas de porco com molho à moda da casa, sobre purê de batata com açafrão.","Rua Professor Raimundo Nonato, 31 | Santa Tereza, Belo Horizonte – MG",3134676661,https://cdb-static-files.s3.amazonaws.com/wp-content/uploads/2025/03/19153848/kobes_asasdaimaginacao_bh_2025_isaquerodrigues_unibh-7787-scaled.jpg
Koqueiros Bar,"Duvidei, mas amei!","Berinjela empanada e frita servida ao molho à bolonhesa em uma cama de requeijão cremoso, coberta de muçarela. Acompanha pasteizinhos de vento da casa.","Avenida Silviano Brandão, 1293 | Sagrada Família, Belo Horizonte – MG",3125107025,https://cdb-static-files.s3.amazonaws.com/wp-content/uploads/2025/03/15045716/koqueiros_duvideimasamei_bh_2025_isaquerodrigues_unibh-7679-scaled.jpg
Lá Ele Bar,Peitin Moído,"Maçã de peito cozida com legumes, acompanhada de farofa da casa, LAELEgrete e pão.","Av. General Carlos Guedes, 165 | Planalto, Belo Horizonte – MG",31971321361,https://cdb-static-files.s3.amazonaws.com/wp-content/uploads/2025/03/19154054/laele_peitimmoiado_bh_2025_rodneycosta_unibh-9100-scaled.jpg
Leo da Quadra,Lembe os beiço,"Bisteca bovina, acompanhada de pirão e torradas.","Rua Oliveira Lisboa, 107 | Barreiro, Belo Horizonte – MG",31996739688,https://cdb-static-files.s3.amazonaws.com/wp-content/uploads/2025/03/19154147/leodaquadra_lembeosbeicos_bh_2025_rodneycosta_unibh-7632-scaled.jpg
Locomotiva’s Bar,CUPIM: Embriagado e trouxa,"Trouxinha recheada com cupim marinado na cachaça e queijo canastra, acompanha maionese de alho.","Rua Carmésia, 568 | Santa Inês, Belo Horizonte – MG",31991773039,https://cdb-static-files.s3.amazonaws.com/wp-content/uploads/2025/03/15045235/locomotivasbar_cumpimembreagadoetrouxa_bh_2025_amandacantanhede_unibh-8315-scaled.jpg
Magnífico Quintal,Cocoricó,"Frango assado com molho, batata recheada e pepino agridoce.","Rua Jefferson de Oliveira, 56 | Santa Amélia, Belo Horizonte – MG",31999882311,https://cdb-static-files.s3.amazonaws.com/wp-content/uploads/2025/03/15045339/magnifcoquinta_cocorico_bh_2025_isaquerodrigues_unibh-7756-scaled.jpg
Magrelo’s Bar,Amigos do Peito,"Maçã de peito marinada em vinho tinto com ervas aromáticas, servida com polenta cremosa gratinada com queijo canastra e bolinhos de aipim, acompanhados de aioli de rúcula fresco.","Avenida Serrana, 635 | Serrano, Belo Horizonte – MG","(31) 99838-8998
(31) 3475-0113",https://cdb-static-files.s3.amazonaws.com/wp-content/uploads/2025/03/15045407/magrelos_amigosdopeito_bh_2025_isaquerodrigues_unibh-9303-scaled.jpg
Mamute Bar,C Tá de Parabéns!,"Bife rolê recheado com cenoura e carne de linguiça acompanhado de batata sauté, couve crispy e farofa da vovó.","Rua Brás Cubas, 116 | Cruzeiro, Belo Horizonte – MG",(31) 98403-3247,https://cdb-static-files.s3.amazonaws.com/wp-content/uploads/2025/03/19154240/mamute_ctadeparabens_bh_2025_mylenaizis_unibh-8079-scaled.jpg
Marina's Bar,Estrem voa!,"Asinha de frango frita, marinada na laranja e ervas, coberta de queijo muçarela, acompanhada com creme de alho-poró e gengibre picante e fritas.","Rua José Baroni, 13 | Santa Efigênia, Belo Horizonte – MG",31996156963,https://cdb-static-files.s3.amazonaws.com/wp-content/uploads/2025/03/19154422/marinas_essetremvoa_bh_2025_isaquerodrigues_unibh-7376-scaled.jpg
Mineiros Beer,Costela de Romeu e Julieta,"Costelinha suína assada lentamente, servida com molho de queijo canastra, barbecue de goiabada e farofa torrada.","Rua Romualdo Lopes Cançado, 399 | Castelo, Belo Horizonte – MG",3121273503,https://cdb-static-files.s3.amazonaws.com/wp-content/uploads/2025/03/19154514/mineirosbeer_costeladeromeu_bh_2025_isaquerodrigues_unibh-8592-scaled.jpg
Mulão,Mullé,"Chã de fora recheada com calabresa no molho de cebola caramelizada no açúcar queimado. Acompanha purê de batatas, pimenta-biquinho, cebolinha.","Rua Marambaia, 291 | Caiçara, Belo Horizonte – MG",3134126505,https://cdb-static-files.s3.amazonaws.com/wp-content/uploads/2025/03/15045206/mulao_mulle_bh_2025_fernandaoliveira_unibh-7464-scaled.jpg
Nosso Spetim,Língua de Dois Amores,"Língua ao molho madeira, com fatia de pães e um espetinho de medalhão de batata recheada com queijo minas acompanhado de geleia biquinho.","Rua dos Astecas, 3219 | Santa Mônica, Belo Horizonte – MG",31987079188,https://cdb-static-files.s3.amazonaws.com/wp-content/uploads/2025/03/15045142/nonospetim_linguadedoisamores_bh_2025_isaquerodrigues_unibh-9340-scaled.jpg
O Fino do Alho,SôdaTerra,"Carne de panela, temperada com especiarias, acompanhada de mandioca cozida no suco de beterraba e açafrão, finalizada com crispy de bacon e banana-da-terra.","Rua Capitão Sérgio Pires, 41 | Minascaixa, Belo Horizonte – MG",31988275391,https://comidadibuteco.com.br/wp-content/uploads/2025/03/ofinodoalho_sodeminas_bh_2025_isaquerodrigues_unibh-9054-scaled.jpg
Oratório Bar,Costela de Adão,"Costelinha de porco assada, finalizada com molho barbecue e guarnecida em cama de farofa crocante, acompanhada de uma maçã caramelizada.","Avenida Brasil, 161 | Santa Efigênia, Belo Horizonte – MG",3132417112,https://cdb-static-files.s3.amazonaws.com/wp-content/uploads/2025/03/19155430/oratoriobar_costeladeadao_bh_2025_amandacantanhede_unibh-8929-scaled.jpg
Parada 10.95 Bar,Parada Holandesa,Uma adaptação do tradicional prato belgo-holandês carbonnade flamande. Carne bovina marinada na cerveja e cozida lentamente. Acompanha purê de mandioca e batata crocante.,"Avenida dos Engenheiros, 1095 | Alípio de Melo, Belo Horizonte – MG",31997001095,https://cdb-static-files.s3.amazonaws.com/wp-content/uploads/2025/03/19155719/parada1095_bh_2025_amandacantanhede_unibh-8058-scaled.jpg
Parada do Sabor,Coração do Parada,"Coração de boi recheado com: bacon, linguiça, cenoura. Acompanha farofa, batata bolinha assada e molho glace.","Avenida General Carlos Guedes, 346 | Planalto, Belo Horizonte – MG",31988995343,https://cdb-static-files.s3.amazonaws.com/wp-content/uploads/2025/03/15045053/paradadosabor_coracaodoparada_bh_2025_isaquerodrigues_unibh-8637-scaled.jpg
Pé de Cana,É PRAAATA!!!É PRAAAATA!!,"Bolo suíno recheado de queijo, acompanhado de molho de tomate, cobertura de muçarela e “confetes” de tomate, batatinha e cebola assadas.","Rua Flórida, 15 | Sion, Belo Horizonte – MG",3132212099,https://cdb-static-files.s3.amazonaws.com/wp-content/uploads/2025/03/19155918/pedecana_eprata_bh_2025_isaquerodrigues_unibh-7883-scaled.jpg
Pé de Goiaba,Bodas de Prata – 25 ANOS JUNTOS,"Lombo com queijo ao molho de abacaxi picante, farofa de bacon, torresminho à pururuca e couve.","Avenida Amazonas, 4676 | Nova Suíssa, Belo Horizonte – MG",(31) 3347-9425,https://cdb-static-files.s3.amazonaws.com/wp-content/uploads/2025/03/15044957/pedegoiaba_bodasdeprata_bh_2025_isaquerodrigues_unibh-8633-scaled.jpg
Planeta Lúpulo,Cestinha das Gerais,"Cestinhas de massa crocante recheadas com aligot de batata e queijo e fraldinha cozida na cerveja stout. Acompanhadas com biscoitos de queijo, farofa de bacon e couve crispy.","Avenida Guarapari, 108 | Santa Amélia, Belo Horizonte – MG",3136461088,https://cdb-static-files.s3.amazonaws.com/wp-content/uploads/2025/03/19160104/planetalupulo_cestinhadasgerais_bh_2025_isaquerodrigues_unibh-8557-scaled.jpg
PoiZé Bar e Petisqueira,Aparecidinho do Zé,Versão desconstruída do escondidinho. Creme de moranga com carne do sertão e cebola. Acompanha molho de cebola roxa.,"Rua Pium-I, 686 | Cruzeiro, Belo Horizonte – MG",31997760076,https://cdb-static-files.s3.amazonaws.com/wp-content/uploads/2025/03/15045021/poize_aparecidinhodoze_bh_2025_rodneycosta_unibh-7767-scaled.jpg
Prado Beer,Amontadinho,"Angu com carne de panela, chips de jiló e molho à base de milho e cachaça.","Avenida Francisco Sá, 590 | Prado, Belo Horizonte – MG","(31) 2551-7794
(31) 3267-4410",https://cdb-static-files.s3.amazonaws.com/wp-content/uploads/2025/03/19160250/pradobeer_amontadinho_bh_2025_isaquerodrigues_unibh-8981-scaled.jpg
Prosa Boa,Roendo até os ossos,"Costela bovina braseada, acompanhada de batatinhas temperadas, antepasto de azeitonas e tomatinhos e farofa crocante de bacon.","Avenida Doutor Cristiano Guimarães, 1480 | Planalto, Belo Horizonte – MG","(31) 3643-9840
(31) 98528-4061",https://cdb-static-files.s3.amazonaws.com/wp-content/uploads/2025/03/19160333/prosaboa_roendoateoosso_bh_2025_rodneycosta_unibh-7476-scaled.jpg
Quinteiro Bar e Restaurante,Vou comer seu bolo,"Massa de fubá com queijo, patinho desfiado com molho, tartar de tomate e cream cheese caseiro temperado.","Rua Salinas, 1008 | Floresta, Belo Horizonte – MG",31994705205,https://cdb-static-files.s3.amazonaws.com/wp-content/uploads/2025/03/19170230/quinteirobar_voucomermeubolo_bh_2025_isaquerodrigues_unibh-8588-scaled.jpg
Quioxque Botequim Carioca,Estamos de Parabéns,Bolo de mandioca na manteiga de garrafa recheado com carne seca e cobertura de cebola caramelizada e glacê de fonduta de queijo,"Rua Henrique Badaró Portugal, 157 | Buritis, Belo Horizonte – MG",31984778708,https://cdb-static-files.s3.amazonaws.com/wp-content/uploads/2025/03/19170333/quioxque_estamosdeparabens_bh_2025_isaquerodrigues_unibh-7820-scaled.jpg
Quitandas da Tia Nice Bar,QUÊ SÉ QUÉ!,"Disco de carne recheada com provolone, acompanhado de molhos especiais da casa e cachaça artesanal.","Rua Alabastro, 146 | Sagrada Família, Belo Horizonte – MG",3198240120,https://cdb-static-files.s3.amazonaws.com/wp-content/uploads/2025/03/15044911/quitandatianice_queceque_bh_2025_rodneycosta_unibh-7389-scaled.jpg
Rancho do Manoel,Trem Bão Sô!,Maçã de peito acompanhada de purê de moranga e farofa da casa.,"Rua Isabel Bueno, 1100 | Jaraguá, Belo Horizonte – MG",3134277666,https://cdb-static-files.s3.amazonaws.com/wp-content/uploads/2025/03/19171029/ranchodomanoel_trembaoso_bh_2025_rodneycosta_unibh-7453-scaled.jpg
Recanto Vovó Tela,DE “25” 10 TMJ,"Picanha suína assada, marinada em limão pepper e páprica picante, acompanhada de minicebola empanada, farofa de ervilha e chutney de abacaxi com pimenta-dedo-de-moça.","Rua Tenente Marino Freire, 270 | Maria Helena, Belo Horizonte – MG",31985099625,https://cdb-static-files.s3.amazonaws.com/wp-content/uploads/2025/03/15044845/recantovovotela_de2510tmj_bh_2025_rodneycosta_unibh-9209-scaled.jpg
Regis Bar,Trio parada dura,Costelinha ao molho de abacaxi com mandioca e cebola.,"Avenida Vinte e Oito de Setembro, 872 | Esplanada, Belo Horizonte – MG",31987862438,https://cdb-static-files.s3.amazonaws.com/wp-content/uploads/2025/03/15044821/regisbar_trioparadadura_bh_2025_isaquerodrigues_unibh-8785-scaled.jpg
Rei do Peixe,Bolinhos Bodas de Prata,"Bolinho de tilápia recheado com tilápia e queijo, acompanhado com molho verde e geleia de pimenta.","Rua Ramalho Ortigão, 735 | Santa Branca, Belo Horizonte – MG",31972669782,https://cdb-static-files.s3.amazonaws.com/wp-content/uploads/2025/03/10074117/oreidopeixe_bolinhobodasdeprata_bh_2025_rodneycosta_unibh-9259-scaled.jpg
Resenha da Naty,Trem Bão Demais Sô,"Bolinho de linguiça suína, recheado de muçarela e um toque de limão para finalizar.","Rua Gonçalves Ledo, 288 | Cachoeirinha, Belo Horizonte – MG",31999284873,https://cdb-static-files.s3.amazonaws.com/wp-content/uploads/2025/03/15044659/resenhadanaty_trembaumdemasso_bh_2025_isaquerodrigues_unibh-8123-scaled.jpg
Restaurante Jorge Americano,Rabada do Jorge Americano,"Rabada ensopada, servido com batata bolinha. Acompanhada de farofa de torresmo e vinagrete de agrião.","Avenida Augusto de Lima, 744 | Centro, Belo Horizonte – MG",31988220298,https://cdb-static-files.s3.amazonaws.com/wp-content/uploads/2025/03/15044742/jorgeamericano_rabadadojorge__bh_2025_isaquerodrigues_unih-7967-scaled.jpg
S.O.S PUB,Socorro do Mineiro,"Enroladinho de sururu com batata, enroladinho de lombo de porco com abacaxi cozido, enroladinho de feijoada e um miniempadão de frango e pernil com linguiça molhadinho. Todos acompanhados pelo molho especial da casa.","Rua Padre José Maurício, 1126 | Vista Alegre, Belo Horizonte – MG",31992950703,https://cdb-static-files.s3.amazonaws.com/wp-content/uploads/2025/03/15044605/sospub_socorrodomineiro_bh_2025_amandacantanhede_unibh-8010-scaled.jpg
Santa Boemia,Sextou BB!,"Bolinhos de feijoada, recheados com calabresa e couve, acompanhados de torresminho pururuca, vinagrete da casa, laranja e uma dose de cachaça.","Rua Mármore, 534 | Santa Tereza, Belo Horizonte – MG",(31) 99132-2623,https://cdb-static-files.s3.amazonaws.com/wp-content/uploads/2025/03/19171327/santaboemia_sextoubb_bh_2025_rodneycosta_unibh-7592-scaled.jpg
Santuário Retrô,Presentim Retrô,"Trouxinhas de lombo suculento, marinado por 12 horas no tempero da casa com especiarias, envolto em fatias de bacon e recheado com surpresas inspiradas nos ingredientes das edições históricas do Comida di Buteco.","Avenida Padre Vieira, 150 | Minas Brasil, Belo Horizonte – MG",31992084950,https://cdb-static-files.s3.amazonaws.com/wp-content/uploads/2025/03/15044516/santuarioretro_presentimretro_bh_2025_rodneycosta_unibh-8779-scaled.jpg
Seu Braz,Contrafilé flambado na cachaça,"ao creme, acompanhado de mandioca na manteiga de garrafa com queijo gratinado e bacon crocante.","Avenida Portugal, 4325 | Itapoã, Belo Horizonte – MG",31987807518,https://cdb-static-files.s3.amazonaws.com/wp-content/uploads/2025/03/15044541/seubraz_contrafileflambadonacachaca_bh_2025_isaquerodrigues_unibh-7921-scaled.jpg
Silvio's Bar,Frangônia,"Coxinha da asa de frango empanada, acompanha batata rústica e molho parmesão e ervas.","Rua Begônia, 199 | Esplanada, Belo Horizonte – MG",3133183273,https://cdb-static-files.s3.amazonaws.com/wp-content/uploads/2025/03/19171521/silviosbar_frangonia_bh_2025_rodneycosta_unibh-7982-scaled.jpg
Sinhá Erozitha Bistrôteco,"Êêêê, lasqueira!!!",Panturrilha suína no seu molho com legumes grelhados.,"Rua Santo Amaro, 257 | Sagrada Família, Belo Horizonte – MG",31998862655,https://cdb-static-files.s3.amazonaws.com/wp-content/uploads/2025/03/19171610/sinhaerozitha_elasquera_bh_2025_isaquerodrigues_unibh-8251-scaled.jpg
Sô Bar,Sô o Mio,"Maçã de peito com batatas cozidas, farofa de torresmo e espetinho de torresmo de barriga com pimenta agridoce.","Avenida Altamiro Avelino Soares, 426 | Castelo, Belo Horizonte – MG",31992797084,https://cdb-static-files.s3.amazonaws.com/wp-content/uploads/2025/03/15044420/sobar_somio_bh_2025_rodneycosta_unibh-8449-scaled.jpg
Spetim,Tá na boca do povo,"Língua de boi, fatiada bem fininha, num encorpado molho de tomate e manjericão, acompanhada por um mineiríssimo angu de moinho d’água e mostarda passadinha na panela.","Rua Ilacir Pereira Lima, 518 | Silveira, Belo Horizonte – MG",3134821232,https://cdb-static-files.s3.amazonaws.com/wp-content/uploads/2025/03/19171715/spetim_tanabocadopovo_bh_2025_rodneycosta_unibh-7565-scaled.jpg
Tanganica Art Bar,Vegano colorido,"Kibes de beterraba recheados com requeijão vegano, fuxicos de inhame com alho poró, pasteizinhos com recheio de chimeji preto e croquetinhos de abóbora vermelha recheados com ora-pro-nóbis.","Rua Padre Demerval Gomes, 380 | Coração Eucarístico, Belo Horizonte – MG",31992112697,https://cdb-static-files.s3.amazonaws.com/wp-content/uploads/2025/03/15044450/tanganica_veganocolorido_bh_2025_isaquerodrigues_unibh-7903-scaled.jpg
The Butcher,Panela de Prata – 25 anos,"Versão do goulash, prato típico húngaro, mas com toque mineiro. Carne ensopada com fatias de pão.","Avenida Ressaca, 353 | Coração Eucarístico, Belo Horizonte – MG",3125145119,https://cdb-static-files.s3.amazonaws.com/wp-content/uploads/2025/03/19171820/thebutcher_paneladeprata_bh_2025_rodneycosta_unibh-8006-scaled.jpg
Toca do Ogro,Ripa de Prata,Picolé Mineiro – Costelinha suína com pele e osso. Acompanhada de purê de mandioca e crispy de couve.,"Rua Professor Nelson de Sena, 4 | Pampulha, Belo Horizonte – MG",3136653838,https://cdb-static-files.s3.amazonaws.com/wp-content/uploads/2025/03/19171927/tocadoogro_ripadeprata_bh_2025_rodneycosta_unibh-9147-scaled.jpg
Toninho - Alto Forno,Joelho da Lili,"Joelho de porco ao molho da Lili, acompanhado de polenta com queijo frita e farofa de Neston.","Rua Miracema, 100 | Santo André, Belo Horizonte – MG",3136544064,https://cdb-static-files.s3.amazonaws.com/wp-content/uploads/2025/03/15044346/toninhoaltoforno_joelhodalili_bh_2025_rodneycosta_unibh-8417-scaled.jpg
Tropeiro do Lisboa,Caldeirão do Mignon,"Filé-mignon selado, acompanhado de batatas rústicas ao molho da casa.","Avenida Leontino Francisco Alves, 506 | Serra Verde (Venda Nova), Belo Horizonte – MG",3134555027,https://cdb-static-files.s3.amazonaws.com/wp-content/uploads/2025/03/15044322/tropeirolisboa_caldeiraodomiion_bh_2025_rodneycosta_unibh-7990-scaled.jpg
Us Motoca,Bodas de Prata,"Polpetas de carne recheadas com queijo, servido sobre aligot de batata e molho de tomates rústico, gratinado e guarnecido de crispy de jiló e picles de cebola-roxa.","Rua Blenda, 91 | Camargos, Belo Horizonte – MG",31985444031,https://cdb-static-files.s3.amazonaws.com/wp-content/uploads/2025/03/15044259/usmotoca_bodasdeprata_bh_2025_mylenaizis_unibh-9157-scaled.jpg
Xambar,Mineirin Oriental,"Miolo de acém assado na pressão, acompanhado de mandioca cozida na manteiga e farofa de banana da terra","Avenida Augusto de Lima, 233 | Centro, Belo Horizonte – MG",31994108635,https://cdb-static-files.s3.amazonaws.com/wp-content/uploads/2025/03/19172132/xambar_minerimorienta_bh_2025_isaquerodrigues_unibh-7522-scaled.jpg
Xico da Kafua,Pé na areia,"Mão suína, acompanhada de farofa crocante de soja tostada com farinha de biju e torradas com azeite.","Avenida Itaú, 1195 – Loja A | João Pinheiro, Belo Horizonte – MG",3133752640,https://cdb-static-files.s3.amazonaws.com/wp-content/uploads/2025/03/15044033/xicodacafua_penaareia_bh_2025_rodneycosta_unibh-8478-scaled.jpg
Xico do Churrasco,Xico Balaio,Asinhas de frango com provolone com tempero.,"Av Altamiro avelino Soares 920 – Castelo, Belo Horizonte – MG",31993643195,https://cdb-static-files.s3.amazonaws.com/wp-content/uploads/2025/03/15044005/xicodochurrasco_xicobalaio_bh_2025_isaquerodrigues_unibh-7860-scaled.jpg
Zé Bolacha,Rabicó,"Bolinho de costelinha desfiada com requeijão e muçarela, empanada no panko com molho de laranja e mel.","Rua das Melancias, 35 | Vila Cloris, Belo Horizonte – MG",3134541052,https://comidadibuteco.com.br/wp-content/uploads/2025/03/zebolacha_rabico_bh_2025_isaquerodrigues_unibh-9275-scaled.jpg
Zoo Bar,Canjiquinha da Vovó,"Canjiquinha à moda da vovó, acompanhada de costelinha de porco e vinagrete de pimenta.","Avenida Otacílio Negrão de Lima, 7844 | Pampulha, Belo Horizonte – MG","(31) 3491-7455
(31) 99175-6225",https://cdb-static-files.s3.amazonaws.com/wp-content/uploads/2025/03/19172539/zoobar_canjiquinhadavovo_bh_2025_isaquerodrigues_unibh-8303-scaled.jpg
